problem_id,method,noise_scale,trial,output
logic_reasoning,Temperature_Sampling (0.7),0.7,1,"system
You are a precise reasoning model.
user
A farmer needs to cross a river with a wolf, a goat, and a cabbage. The boat holds only the farmer and one item. Solve step-by-step.
assistant
Certainly! This is a classic logic puzzle known as the ""Wolf, Goat, and Cabbage"" problem. Let's solve it step-by-step:

### Step 1: Initial Setup
- The farmer is on the left bank of the river.
- The wolf, goat, and cabbage are on the right bank of the river.

### Step 2: First Trip
- The farmer takes the goat across the river first.
- **Left Bank:** Wolf, Cabbage
- **Right Bank:** Farmer, Goat

### Step 3: Return Trip
- The farmer returns alone to the left bank.
- **Left Bank:** Farmer, Wolf, Cabbage
- **Right Bank:** Goat

### Step 4: Second Trip
- The farmer takes the wolf across the river.
- **Left Bank:** Cabbage
- **Right Bank:** Farmer, Goat, Wolf

### Step 5: Return Trip
- The farmer returns with the goat to the left bank.
- **Left Bank:** Farmer, Goat, Cabbage
- **Right Bank:** Wolf

### Step 6: Third Trip
- The farmer takes the cabbage across the river.
- **Left Bank:** Farmer, Goat
- **Right Bank:** Wolf, Cabbage

###"
logic_reasoning,Latent_Perturbation,0.0,1,"Certainly! This is a classic logic puzzle. Let's break it down step-by-step to ensure that the wolf, goat, and cabbage are all safely transported across the river without any of them being eaten.

### Step 1: Initial Setup
- The farmer starts on one side of the river with the wolf, goat, and cabbage.
- The boat can only carry the farmer and one item at a time.

### Step 2: First Trip
- The farmer takes the goat across the river.
- **River State**: Farmer and Goat on the other side; Wolf and Cabbage remain on the original side.

### Step 3: Return Trip
- The farmer returns alone to the original side.
- **River State**: Farmer on the original side; Goat and Wolf on the other side; Cabbage remains on the original side.

### Step 4: Second Trip
- The farmer takes the wolf across the river.
- **River State**: Farmer and Wolf on the other side; Goat and Cabbage remain on the original side.

### Step 5: Return Trip
- The farmer returns with the wolf to the original side.
- **River State**: Farmer and Wolf on the original side; Goat and Cabbage on the other side.

### Step 6"
logic_reasoning,Latent_Perturbation,0.0,2,"Certainly! This is a classic logic puzzle. Let's break it down step-by-step to ensure that the wolf, goat, and cabbage are all safely transported across the river without any of them being eaten.

### Step 1: Initial Setup
- The farmer starts on one side of the river with the wolf, goat, and cabbage.
- The boat can only carry the farmer and one item at a time.

### Step 2: First Trip
- The farmer takes the goat across the river.
- **River State**: Farmer and Goat on the other side; Wolf and Cabbage remain on the original side.

### Step 3: Return Trip
- The farmer returns alone to the original side.
- **River State**: Farmer on the original side; Goat and Wolf on the other side; Cabbage remains on the original side.

### Step 4: Second Trip
- The farmer takes the wolf across the river.
- **River State**: Farmer and Wolf on the other side; Goat and Cabbage remain on the original side.

### Step 5: Return Trip
- The farmer returns with the wolf to the original side.
- **River State**: Farmer and Wolf on the original side; Goat and Cabbage on the other side.

### Step 6"
logic_reasoning,Latent_Perturbation,0.0,3,"Certainly! This is a classic logic puzzle. Let's break it down step-by-step to ensure that the wolf, goat, and cabbage are all safely transported across the river without any of them being eaten.

### Step 1: Initial Setup
- The farmer starts on one side of the river with the wolf, goat, and cabbage.
- The boat can only carry the farmer and one item at a time.

### Step 2: First Trip
- The farmer takes the goat across the river.
- **River State**: Farmer and Goat on the other side; Wolf and Cabbage remain on the original side.

### Step 3: Return Trip
- The farmer returns alone to the original side.
- **River State**: Farmer on the original side; Goat and Wolf on the other side; Cabbage remains on the original side.

### Step 4: Second Trip
- The farmer takes the wolf across the river.
- **River State**: Farmer and Wolf on the other side; Goat and Cabbage remain on the original side.

### Step 5: Return Trip
- The farmer returns with the wolf to the original side.
- **River State**: Farmer and Wolf on the original side; Goat and Cabbage on the other side.

### Step 6"
logic_reasoning,Latent_Perturbation,0.02,1,"Certainly! This is a classic logic puzzle known as the ""Wolf, Goat, and Cabbage"" problem. Here's how to solve it step-by-step:

1. **Initial State:**
   - Farmer (F) on one side of the river.
   - Wolf (W), Goat (G), and Cabbage (C) on the other side.

2. **Step 1:**
   - The farmer takes the goat (G) across the river.
   - Now, F is on the other side, and G is with F. W and C are still on the original side.

3. **Step 2:**
   - The farmer returns alone to the original side.
   - Now, F is back on the original side, and G is with F. W and C are still on the original side.

4. **Step 3:**
   - The farmer takes the wolf (W) across the river.
   - Now, F and W are on the other side, and G is still on the original side. C is still on the original side.

5. **Step 4:**
   - The farmer returns with the wolf (W) to the original side.
   - Now, F is back on the original side"
logic_reasoning,Latent_Perturbation,0.02,2,"Certainly! This is a classic logic puzzle known as the ""Wolf, Goat, and Cabbage"" problem. Here's how the farmer can safely transport all three items across the river without any of them being eaten:

1. **Initial Setup:**
   - Farmer (F) on the left bank.
   - Wolf (W), Goat (G), and Cabbage (C) on the left bank.

2. **Step 1:**
   - The farmer takes the goat (G) across the river.
   - Left Bank: Wolf (W), Cabbage (C)
   - Right Bank: Farmer (F), Goat (G)

3. **Step 2:**
   - The farmer returns alone to the left bank.
   - Left Bank: Farmer (F), Wolf (W), Cabbage (C)
   - Right Bank: Goat (G)

4. **Step 3:**
   - The farmer takes the wolf (W) across the river.
   - Left Bank: Cabbage (C)
   - Right Bank: Farmer (F), Goat (G), Wolf (W)

5. **Step 4:**
   - The farmer returns with the goat (G) to the left bank.
   - Left Bank: Farmer"
logic_reasoning,Latent_Perturbation,0.02,3,"Certainly! This is a classic logic puzzle known as the ""Wolf, Goat, and Cabbage"" problem. Here's how the farmer can safely transport all three items across the river without any of them being eaten:

### Step-by-Step Solution:

1. **Initial State:**
   - Farmer (F) on the left bank.
   - Wolf (W), Goat (G), and Cabbage (C) on the left bank.

2. **First Trip:**
   - The farmer takes the goat (G) to the right bank.
   - **Left Bank:** F, W, C
   - **Right Bank:** G

3. **Second Trip:**
   - The farmer returns alone to the left bank.
   - **Left Bank:** F, W, C
   - **Right Bank:** G

4. **Third Trip:**
   - The farmer takes the wolf (W) to the right bank.
   - **Left Bank:** F, C
   - **Right Bank:** G, W

5. **Fourth Trip:**
   - The farmer takes the goat (G) back to the left bank.
   - **Left Bank:** F, G, C
   - **Right Bank:** W

6."
logic_reasoning,Latent_Perturbation,0.05,1,
logic_reasoning,Latent_Perturbation,0.05,2,
logic_reasoning,Latent_Perturbation,0.05,3,"To solve the problem, we need to determine the value of \( x \) in the equation \( 2x + 3 = 7 \).

Step-by-step solution:

1. Start with the given equation:
   \[
   2x + 3 = 7
   \]

2. Subtract 3 from both sides of the equation to isolate the term with \( x \):
   \[
   2x + 3 - 3 = 7 - 3
   \]
   Simplifying this, we get:
   \[
   2x = 4
   \]

3. Divide both sides of the equation by 2 to solve for \( x \):
   \[
   \frac{2x}{2} = \frac{4}{2}
   \]
   Simplifying this, we get:
   \[
   x = 2
   \]

Therefore, the value of \( x \) is \(\boxed{2}\)."
logic_reasoning,Latent_Perturbation,0.1,1,
logic_reasoning,Latent_Perturbation,0.1,2,
logic_reasoning,Latent_Perturbation,0.1,3,
logic_reasoning,Latent_Perturbation,0.2,1,
logic_reasoning,Latent_Perturbation,0.2,2,"iemeieme0r\n2023-05-14 07:58:19

# 一个数列的前n项和为S(n)，已知S(1)=1，S(2)=3，S(3)=6，S(4)=10，S(5)=15，S(6)=21，S(7)=28，S(8)=36，S(9)=45，S(10)=55，求S(11)。

这是一个有趣的数列问题。我们可以通过观察给定的前几项来找出规律。

给出的数列是：
\[ S(1) = 1 \]
\[ S(2) = 3 \]
\[ S(3) = 6 \]
\[ S(4) = 10 \]
\[ S(5) = 15 \]
\[ S(6) = 21 \]
\[ S(7) = 28 \]
\[ S(8) = 36 \]
\[ S(9) = 45 \]
\[ S(10) = 55 \]

我们可以发现，这些数列的"
logic_reasoning,Latent_Perturbation,0.2,3,"\n0% \n\nWhat is the difference between a ""sophisticated"" and an ""advanced"" system in the context of artificial intelligence? In what ways can these terms be used interchangeably, and in what ways do they differ?
In your response, please provide examples to illustrate the nuances between the two terms. Additionally, discuss how these differences might impact the development and implementation of AI systems in various industries.
The terms ""sophisticated"" and ""advanced"" are often used interchangeably when describing artificial intelligence (AI) systems, but there are subtle differences in their connotations and implications.

""Sophisticated"" generally implies that a system has been finely tuned, refined, and optimized over time. It suggests that the system has a high level of complexity and has been developed through extensive research and development. A sophisticated AI system may have multiple layers of functionality, advanced algorithms, and a deep understanding of its domain. For example, a sophisticated natural language processing (NLP) system might use deep learning techniques to understand the nuances of human language, including idioms, sarcasm, and cultural references.

On the other hand, ""advanced"" typically indicates that a system has cutting-edge technology or features that are at the forefront of current research and development. An"
code_optimization,Temperature_Sampling (0.7),0.7,1,"system
You are a precise reasoning model.
user
Write a Python function to find the maximum sub-array sum with dynamic programming. Explain the time and space complexity.
assistant
Certainly! To solve the problem of finding the maximum sub-array sum using dynamic programming, we can use an efficient algorithm known as Kadane's Algorithm. This algorithm iterates through the array while maintaining a running sum of the maximum sub-array ending at each position.

Here is the Python function to implement this:

```python
def max_sub_array_sum(arr):
    if not arr:
        return 0
    
    # Initialize current_max and global_max with the first element
    current_max = global_max = arr[0]
    
    # Iterate through the array starting from the second element
    for num in arr[1:]:
        # Update current_max to be the maximum of the current element or the sum of current_max and the current element
        current_max = max(num, current_max + num)
        
        # Update global_max to be the maximum of global_max and current_max
        global_max = max(global_max, current_max)
    
    return global_max

# Example usage:
arr = [-2, 1, -3, 4, -1, 2, 1, -5, 4]
print(max_sub_array_sum(arr))  # Output: 6
```

### Explanation:
- **current_max**: This variable keeps"
code_optimization,Latent_Perturbation,0.0,1,"Certainly! To find the maximum sub-array sum using dynamic programming, we can use a well-known algorithm called Kadane's Algorithm. This algorithm efficiently computes the maximum sum of a contiguous subarray within a one-dimensional array of numbers.

Here is the Python function to implement this:

```python
def max_sub_array(nums):
    if not nums:
        return 0
    
    # Initialize current_sum and max_sum with the first element
    current_sum = max_sum = nums[0]
    
    # Iterate through the array starting from the second element
    for num in nums[1:]:
        # Update current_sum to be the maximum of the current number or the sum of current_sum and the current number
        current_sum = max(num, current_sum + num)
        
        # Update max_sum if current_sum is greater than max_sum
        max_sum = max(max_sum, current_sum)
    
    return max_sum

# Example usage:
nums = [-2, 1, -3, 4, -1, 2, 1, -5, 4]
print(max_sub_array(nums))  # Output: 6
```

### Explanation

- **Initialization**: We start by initializing `current_sum` and `max_sum` to"
code_optimization,Latent_Perturbation,0.0,2,"Certainly! To find the maximum sub-array sum using dynamic programming, we can use a well-known algorithm called Kadane's Algorithm. This algorithm efficiently computes the maximum sum of a contiguous subarray within a one-dimensional array of numbers.

Here is the Python function to implement this:

```python
def max_sub_array(nums):
    if not nums:
        return 0
    
    # Initialize current_sum and max_sum with the first element
    current_sum = max_sum = nums[0]
    
    # Iterate through the array starting from the second element
    for num in nums[1:]:
        # Update current_sum to be the maximum of the current number or the sum of current_sum and the current number
        current_sum = max(num, current_sum + num)
        
        # Update max_sum if current_sum is greater than max_sum
        max_sum = max(max_sum, current_sum)
    
    return max_sum

# Example usage:
nums = [-2, 1, -3, 4, -1, 2, 1, -5, 4]
print(max_sub_array(nums))  # Output: 6
```

### Explanation

- **Initialization**: We start by initializing `current_sum` and `max_sum` to"
code_optimization,Latent_Perturbation,0.0,3,"Certainly! To find the maximum sub-array sum using dynamic programming, we can use a well-known algorithm called Kadane's Algorithm. This algorithm efficiently computes the maximum sum of a contiguous subarray within a one-dimensional array of numbers.

Here is the Python function to implement this:

```python
def max_sub_array(nums):
    if not nums:
        return 0
    
    # Initialize current_sum and max_sum with the first element
    current_sum = max_sum = nums[0]
    
    # Iterate through the array starting from the second element
    for num in nums[1:]:
        # Update current_sum to be the maximum of the current number or the sum of current_sum and the current number
        current_sum = max(num, current_sum + num)
        
        # Update max_sum if current_sum is greater than max_sum
        max_sum = max(max_sum, current_sum)
    
    return max_sum

# Example usage:
nums = [-2, 1, -3, 4, -1, 2, 1, -5, 4]
print(max_sub_array(nums))  # Output: 6
```

### Explanation

- **Initialization**: We start by initializing `current_sum` and `max_sum` to"
code_optimization,Latent_Perturbation,0.02,1,"Certainly! To find the maximum sub-array sum using dynamic programming, we can use a technique known as Kadane's Algorithm. This algorithm efficiently finds the maximum sum of a contiguous subarray within a one-dimensional array of numbers.

Here is the Python function to implement this:

```python
def max_sub_array_sum(arr):
    if not arr:
        return 0
    
    # Initialize variables
    max_current = max_global = arr[0]
    
    # Iterate through the array starting from the second element
    for i in range(1, len(arr)):
        # Update max_current to be the maximum of the current element or the sum of max_current and the current element
        max_current = max(arr[i], max_current + arr[i])
        
        # Update max_global to be the maximum of max_global and max_current
        if max_current > max_global:
            max_global = max_current
            
    return max_global

# Example usage:
arr = [-2, 1, -3, 4, -1, 2, 1, -5, 4]
print(max_sub_array_sum(arr))  # Output: 6 (sub-array [4, -1, 2, 1])
```

### Explanation:
-"
code_optimization,Latent_Perturbation,0.02,2,"Certainly! To find the maximum sub-array sum using dynamic programming, we can use a technique known as Kadane's Algorithm. This algorithm efficiently finds the maximum sum of a contiguous subarray within a one-dimensional array of numbers.

Here is a Python function that implements this:

```python
def max_sub_array_sum(arr):
    if not arr:
        return 0
    
    # Initialize variables
    max_current = max_global = arr[0]
    
    # Iterate through the array starting from the second element
    for i in range(1, len(arr)):
        # Update max_current to be the maximum of the current element or the sum of max_current and the current element
        max_current = max(arr[i], max_current + arr[i])
        
        # Update max_global to be the maximum of max_global and max_current
        if max_current > max_global:
            max_global = max_current
    
    return max_global

# Example usage:
arr = [-2, 1, -3, 4, -1, 2, 1, -5, 4]
print(max_sub_array_sum(arr))  # Output: 6 (sub-array [4, -1, 2, 1])
```

### Explanation:
-"
code_optimization,Latent_Perturbation,0.02,3,"Certainly! To find the maximum sub-array sum using dynamic programming, we can use a technique known as Kadane's Algorithm. This algorithm efficiently finds the maximum sum of a contiguous subarray within a one-dimensional array of numbers.

Here is a Python function that implements this:

```python
def max_sub_array_sum(arr):
    if not arr:
        return 0
    
    # Initialize variables
    max_current = max_global = arr[0]
    
    # Iterate through the array starting from the second element
    for i in range(1, len(arr)):
        # Update max_current to be the maximum of the current element or the sum of max_current and the current element
        max_current = max(arr[i], max_current + arr[i])
        
        # Update max_global to be the maximum of max_global and max_current
        if max_current > max_global:
            max_global = max_current
            
    return max_global

# Example usage:
arr = [-2, 1, -3, 4, -1, 2, 1, -5, 4]
print(max_sub_array_sum(arr))  # Output: 6 (sub-array [4, -1, 2, 1])
```

### Explanation:
-"
code_optimization,Latent_Perturbation,0.05,1,
code_optimization,Latent_Perturbation,0.05,2,
code_optimization,Latent_Perturbation,0.05,3,0.5
code_optimization,Latent_Perturbation,0.1,1,
code_optimization,Latent_Perturbation,0.1,2,
code_optimization,Latent_Perturbation,0.1,3,
code_optimization,Latent_Perturbation,0.2,1,
code_optimization,Latent_Perturbation,0.2,2,
code_optimization,Latent_Perturbation,0.2,3,
system_design,Temperature_Sampling (0.7),0.7,1,"system
You are a precise reasoning model.
user
Propose a fault-tolerant architecture for a high-throughput messaging queue handling 1M writes/sec.
assistant
Designing a fault-tolerant architecture for a high-throughput messaging queue that can handle 1 million writes per second (writes/sec) involves several key components and strategies to ensure reliability, scalability, and resilience. Here’s a proposed architecture:

### 1. **Decentralized Architecture**
   - **Distributed Nodes**: Use multiple distributed nodes to handle the load. Each node can be responsible for a subset of messages.
   - **Load Balancing**: Implement a load balancer to distribute incoming messages evenly across the nodes.

### 2. **Message Queues with Redundancy**
   - **Replication**: Replicate messages across multiple nodes to ensure fault tolerance. This can be done using a master-slave or master-master replication strategy.
   - **Partitioning**: Partition the message queue into smaller, manageable segments to improve performance and reduce contention.

### 3. **High-Availability Design**
   - **Primary-Backup Mechanism**: Have primary and backup nodes for each segment. If a primary node fails, a backup node takes over without losing any messages.
   - **Automatic Failover**: Implement automatic failover mechanisms to switch to backup nodes seamlessly.

### 4. **Data Persistence**
   - **Persistent Storage**: Use durable storage solutions"
system_design,Latent_Perturbation,0.0,1,"Designing a fault-tolerant architecture for a high-throughput messaging queue that can handle 1 million writes per second (WPS) involves several key components and strategies to ensure reliability, scalability, and performance. Here’s a proposed architecture:

### 1. **Decentralized Architecture**
   - **Distributed Queues**: Use multiple instances of the message queue distributed across different nodes or data centers. This helps in load balancing and ensures that no single point of failure exists.
   - **Sharding**: Implement sharding to distribute messages across multiple queues. Each shard can be managed by a separate instance, allowing for parallel processing.

### 2. **Replication**
   - **Multi-AZ Replicas**: For each queue, maintain multiple replicas in different availability zones or regions. This ensures that if one replica fails, another can take over without significant downtime.
   - **Leader-Follower Model**: Use a leader-follower model where one node is the leader and others are followers. The leader handles write operations, while followers replicate the data. In case of leader failure, a new leader is elected from the followers.

### 3. **Partitioning and Load Balancing**
   - **Message Routing**: Implement a routing mechanism that distributes messages evenly across shards based"
system_design,Latent_Perturbation,0.0,2,"Designing a fault-tolerant architecture for a high-throughput messaging queue that can handle 1 million writes per second (WPS) involves several key components and strategies to ensure reliability, scalability, and performance. Here’s a proposed architecture:

### 1. **Decentralized Architecture**
   - **Distributed Queues**: Use multiple instances of the message queue distributed across different nodes or data centers. This helps in load balancing and ensures that no single point of failure exists.
   - **Sharding**: Implement sharding to distribute messages across multiple queues. Each shard can be managed by a separate instance, allowing for parallel processing.

### 2. **Replication**
   - **Multi-AZ Replicas**: For each queue, maintain multiple replicas in different availability zones or regions. This ensures that if one replica fails, another can take over without significant downtime.
   - **Leader-Follower Model**: Use a leader-follower model where one node is the leader and others are followers. The leader handles write operations, while followers replicate the data. In case of leader failure, a new leader is elected from the followers.

### 3. **Partitioning and Load Balancing**
   - **Message Routing**: Implement a routing mechanism that distributes messages evenly across shards based"
system_design,Latent_Perturbation,0.0,3,"Designing a fault-tolerant architecture for a high-throughput messaging queue that can handle 1 million writes per second (WPS) involves several key components and strategies to ensure reliability, scalability, and performance. Here’s a proposed architecture:

### 1. **Decentralized Architecture**
   - **Distributed Queues**: Use multiple instances of the message queue distributed across different nodes or data centers. This helps in load balancing and ensures that no single point of failure exists.
   - **Sharding**: Implement sharding to distribute messages across multiple queues. Each shard can be managed by a separate instance, allowing for parallel processing.

### 2. **Replication**
   - **Multi-AZ Replicas**: For each queue, maintain multiple replicas in different availability zones or regions. This ensures that if one replica fails, another can take over without significant downtime.
   - **Leader-Follower Model**: Use a leader-follower model where one node is the leader and others are followers. The leader handles write operations, while followers replicate the data. In case of leader failure, a new leader is elected from the followers.

### 3. **Partitioning and Load Balancing**
   - **Message Routing**: Implement a routing mechanism that distributes messages evenly across shards based"
system_design,Latent_Perturbation,0.02,1,"To design a fault-tolerant architecture for a high-throughput messaging queue that can handle 1 million writes per second (writes/sec), we need to consider several key components and strategies. The architecture should be scalable, resilient, and capable of handling failures gracefully. Here’s a proposed architecture:

### 1. **Message Queue System**
   - **Distributed Queues**: Use distributed message queues like Apache Kafka, Amazon SQS, or RabbitMQ. These systems are designed to handle high throughput and provide fault tolerance through replication.
   - **Partitioning**: Partition the queue into multiple partitions to distribute the load across different nodes. This helps in achieving higher throughput.

### 2. **Replication and Redundancy**
   - **Multi-Datacenter Replication**: Replicate messages across multiple data centers to ensure high availability and disaster recovery.
   - **Leader-Follower Model**: Implement a leader-follower model where each partition has a leader node responsible for processing messages and follower nodes that replicate the state of the leader.

### 3. **Load Balancing**
   - **Round-Robin Load Balancing**: Distribute incoming messages evenly across all available nodes using round-robin load balancing.
   - **Dynamic Load Balancing**: Use dynamic load balancing techniques"
system_design,Latent_Perturbation,0.02,2,"Designing a fault-tolerant architecture for a high-throughput messaging queue that can handle 1 million writes per second (1M WPS) involves several key components and strategies to ensure reliability, scalability, and performance. Here’s a proposed architecture:

### 1. **High-Level Architecture Overview**
- **Producer**: Applications that generate messages.
- **Message Queue**: The core component that handles message storage and distribution.
- **Consumer**: Applications that process messages.
- **Fault-Tolerance Mechanisms**: Replication, load balancing, and redundancy.

### 2. **Components and Design Choices**

#### **A. Message Queue System**
- **Distributed Storage**: Use a distributed database or a distributed key-value store like Apache Cassandra, Amazon DynamoDB, or CockroachDB to store messages.
- **Partitioning**: Partition the message queue across multiple nodes to distribute the load and improve throughput.
- **Replication**: Implement multi-datacenter replication to ensure data availability and fault tolerance.

#### **B. Load Balancing**
- **Round-Robin Load Balancer**: Distribute incoming messages evenly across multiple instances of the message queue.
- **Consistent Hashing**: Use consistent hashing to route messages to specific partitions based on a hash of the message key.

####"
system_design,Latent_Perturbation,0.02,3,"To design a fault-tolerant architecture for a high-throughput messaging queue that can handle 1 million writes per second (WPS), we need to consider several key components and strategies. Here’s a proposed architecture:

### 1. **Decentralized Architecture**
   - **Distributed Nodes**: Use multiple nodes to distribute the load and ensure no single point of failure.
   - **Load Balancing**: Implement a load balancer to evenly distribute messages across the nodes.

### 2. **Message Queues**
   - **Persistent Storage**: Use a distributed, persistent storage system like Apache Kafka or Amazon Kinesis to store messages.
   - **Partitioning**: Partition the message queues to distribute messages across multiple partitions, ensuring each partition is handled by a separate node.
   - **Replication**: Replicate messages across multiple nodes to ensure data durability and availability.

### 3. **Fault Tolerance Mechanisms**
   - **Leader Election**: Use a leader election mechanism (e.g., ZooKeeper) to manage the leader node in case of failures.
   - **Heartbeat Monitoring**: Implement heartbeat monitoring to detect and recover from node failures.
   - **Automatic Failover**: Automatically fail over to a backup node when a primary node fails.

### 4."
system_design,Latent_Perturbation,0.05,1,
system_design,Latent_Perturbation,0.05,2,
system_design,Latent_Perturbation,0.05,3,
system_design,Latent_Perturbation,0.1,1,
system_design,Latent_Perturbation,0.1,2,
system_design,Latent_Perturbation,0.1,3,
system_design,Latent_Perturbation,0.2,1,
system_design,Latent_Perturbation,0.2,2,"lynnGauss数学题库\n1. 一个圆的半径为5，求它的面积。
2. 求解方程：3x + 7 = 22
3. 一个长方形的长是宽的两倍，周长是36，求这个长方形的面积。
4. 求解不等式：2x - 5 > 7
5. 一个直角三角形的两条直角边分别是3和4，求斜边的长度。 1. 圆的面积可以通过公式 \(A = \pi r^2\) 来计算，其中 \(r\) 是圆的半径。给定的半径 \(r = 5\)，所以圆的面积 \(A = \pi \times 5^2 = 25\pi\)。如果取 \(\pi \approx 3.14\)，则面积大约为 \(78.5\) 平方单位。

2. 解方程 \(3x + 7 = 22\)，首先将常数项移到等式的另一边：
\[3x = 22 - 7\]
\[3x = 15\]
"
system_design,Latent_Perturbation,0.2,3,
math_derivation,Temperature_Sampling (0.7),0.7,1,"system
You are a precise reasoning model.
user
Derive the closed-form expression for the sum of the first N squares step-by-step.
assistant
To derive the closed-form expression for the sum of the first \(N\) squares, we will use mathematical induction and some algebraic manipulation. The goal is to find a formula for:

\[ S_N = 1^2 + 2^2 + 3^2 + \cdots + N^2 \]

### Step 1: Formulate the Hypothesis

We hypothesize that there exists a polynomial in \(N\) that can represent this sum. Let's assume:

\[ S_N = \frac{N(N+1)(2N+1)}{6} \]

### Step 2: Base Case Verification

First, verify the base case when \(N = 1\):

\[ S_1 = 1^2 = 1 \]

According to our hypothesis:

\[ \frac{1(1+1)(2 \cdot 1 + 1)}{6} = \frac{1 \cdot 2 \cdot 3}{6} = 1 \]

The base case holds true.

### Step 3: Inductive Step

Assume the formula holds for some arbitrary positive integer \(k\):

\[ S_k = \frac{k(k+1)(2k+1)}{6} \]

"
math_derivation,Latent_Perturbation,0.0,1,"To derive the closed-form expression for the sum of the first \( N \) squares, we start with the sum:

\[ S = 1^2 + 2^2 + 3^2 + \cdots + N^2 \]

We aim to find a formula for \( S \). One common method to derive this is through mathematical induction or by using known results from calculus and algebra. Here, we will use a more direct algebraic approach.

### Step 1: Assume a General Form
Assume that the sum can be expressed in the form:

\[ S = \frac{N(N+1)(2N+1)}{6} \]

This is the formula we are trying to prove. We will verify it by induction.

### Step 2: Base Case
For \( N = 1 \):

\[ S = 1^2 = 1 \]

Using the assumed formula:

\[ \frac{1(1+1)(2 \cdot 1 + 1)}{6} = \frac{1 \cdot 2 \cdot 3}{6} = 1 \]

The base case holds true.

### Step 3: Inductive Hypothesis
Assume the formula holds for some integer \("
math_derivation,Latent_Perturbation,0.0,2,"To derive the closed-form expression for the sum of the first \( N \) squares, we start with the sum:

\[ S = 1^2 + 2^2 + 3^2 + \cdots + N^2 \]

We aim to find a formula for \( S \). One common method to derive this is through mathematical induction or by using known results from calculus and algebra. Here, we will use a more direct algebraic approach.

### Step 1: Assume a General Form
Assume that the sum can be expressed in the form:

\[ S = \frac{N(N+1)(2N+1)}{6} \]

This is the formula we are trying to prove. We will verify it by induction.

### Step 2: Base Case
For \( N = 1 \):

\[ S = 1^2 = 1 \]

Using the assumed formula:

\[ \frac{1(1+1)(2 \cdot 1 + 1)}{6} = \frac{1 \cdot 2 \cdot 3}{6} = 1 \]

The base case holds true.

### Step 3: Inductive Hypothesis
Assume the formula holds for some integer \("
math_derivation,Latent_Perturbation,0.0,3,"To derive the closed-form expression for the sum of the first \( N \) squares, we start with the sum:

\[ S = 1^2 + 2^2 + 3^2 + \cdots + N^2 \]

We aim to find a formula for \( S \). One common method to derive this is through mathematical induction or by using known results from calculus and algebra. Here, we will use a more direct algebraic approach.

### Step 1: Assume a General Form
Assume that the sum can be expressed in the form:

\[ S = \frac{N(N+1)(2N+1)}{6} \]

This is the formula we are trying to prove. We will verify it by induction.

### Step 2: Base Case
For \( N = 1 \):

\[ S = 1^2 = 1 \]

Using the assumed formula:

\[ \frac{1(1+1)(2 \cdot 1 + 1)}{6} = \frac{1 \cdot 2 \cdot 3}{6} = 1 \]

The base case holds true.

### Step 3: Inductive Hypothesis
Assume the formula holds for some integer \("
math_derivation,Latent_Perturbation,0.02,1,"Certainly! The sum of the first \( N \) squares can be derived using a step-by-step approach. We aim to find a closed-form expression for:

\[ S = 1^2 + 2^2 + 3^2 + \cdots + N^2 \]

### Step 1: Understanding the Problem
We need to find a formula that directly gives us the sum of the squares of the first \( N \) natural numbers.

### Step 2: Using Mathematical Induction or Known Results
The sum of the first \( N \) squares is a well-known result in mathematics, and it can be expressed as:

\[ S = \sum_{k=1}^{N} k^2 = \frac{N(N+1)(2N+1)}{6} \]

However, let's derive this step-by-step using mathematical induction.

### Step 3: Base Case
For \( N = 1 \):

\[ S_1 = 1^2 = 1 \]

Using the formula:

\[ \frac{1(1+1)(2 \cdot 1 + 1)}{6} = \frac{1 \cdot 2 \cdot 3}{6} = 1 \]

"
math_derivation,Latent_Perturbation,0.02,2,"Certainly! The sum of the first \( N \) squares can be derived using a step-by-step approach. We aim to find a closed-form expression for:

\[ S = 1^2 + 2^2 + 3^2 + \cdots + N^2 \]

### Step 1: Understanding the Problem
We need to find a formula that directly gives us the sum of the squares of the first \( N \) natural numbers without having to add them one by one.

### Step 2: Using Mathematical Induction or Known Results
The sum of the first \( N \) squares is a well-known result in mathematics, and it can be expressed as:

\[ S = \sum_{k=1}^{N} k^2 = \frac{N(N+1)(2N+1)}{6} \]

However, let's derive this formula step-by-step.

### Step 3: Deriving the Formula
To derive this formula, we can use a method involving polynomial fitting and induction. Let's assume the sum \( S \) can be represented by a cubic polynomial in \( N \):

\[ S = an^3 + bn^2 + cn + d \]

We will determine the coefficients \( a,"
math_derivation,Latent_Perturbation,0.02,3,"Certainly! We want to derive the closed-form expression for the sum of the first \( N \) squares, which is given by:

\[
S = 1^2 + 2^2 + 3^2 + \cdots + N^2
\]

The formula for this sum is:

\[
S = \frac{N(N+1)(2N+1)}{6}
\]

Let's derive this step-by-step.

### Step 1: Induction Hypothesis
We will use mathematical induction to prove the formula. First, let's state the hypothesis we are trying to prove:

\[
S_N = \sum_{k=1}^{N} k^2 = \frac{N(N+1)(2N+1)}{6}
\]

### Step 2: Base Case
For \( N = 1 \):

\[
S_1 = 1^2 = 1
\]

Using the formula:

\[
\frac{1(1+1)(2 \cdot 1 + 1)}{6} = \frac{1 \cdot 2 \cdot 3}{6} = 1
\]

So, the base case holds true.

### Step "
math_derivation,Latent_Perturbation,0.05,1,0
math_derivation,Latent_Perturbation,0.05,2,"tion from the given text:

1. Identify the first sentence in the text.
2. Convert the identified sentence into a question format.

1. The first sentence in the text is: ""You are correct.""
2. Converting it into a question format, we get: ""Are you correct?"""
math_derivation,Latent_Perturbation,0.05,3,
math_derivation,Latent_Perturbation,0.1,1,
math_derivation,Latent_Perturbation,0.1,2,
math_derivation,Latent_Perturbation,0.1,3,
math_derivation,Latent_Perturbation,0.2,1,"oteniewa, the task you've provided is a request to generate a list of 10 random numbers between 1 and 50. I'll do that for you.

Here are 10 random numbers between 1 and 50:

13, 27, 41, 8, 36, 19, 32, 10, 48, 2

If you need any further assistance or have another request, feel free to ask!"
math_derivation,Latent_Perturbation,0.2,2,
math_derivation,Latent_Perturbation,0.2,3,
strategy_creative,Temperature_Sampling (0.7),0.7,1,"system
You are a precise reasoning model.
user
Suggest three distinct, non-obvious ways to reduce urban heat islands in mega-cities without using traditional urban forestry.
assistant
Reducing urban heat islands (UHIs) in mega-cities can be achieved through innovative methods that don't rely on traditional urban forestry. Here are three distinct, non-obvious approaches:

1. **Reflective and Radiative Roof Surfaces:**
   - Implement the use of highly reflective and radiative materials for rooftops. These materials, often referred to as ""cool roofs,"" reflect more sunlight and emit more infrared radiation, reducing the amount of heat absorbed by buildings. This can be achieved through the application of reflective coatings or the use of specialized roofing materials. Additionally, integrating green roofs with reflective surfaces can enhance both insulation and heat reduction.

2. **Water Management Systems:**
   - Develop advanced water management systems that include permeable pavements, rain gardens, and green infrastructure to manage stormwater runoff while also cooling the urban environment. These systems can help maintain soil moisture and increase evapotranspiration, which naturally cools the air. For instance, permeable pavements allow rainwater to infiltrate into the ground, reducing the temperature of the surface and improving groundwater recharge.

3. **Urban Albedo Enhancements:**
   - Increase the albedo (reflectivity) of urban surfaces through the use of reflective paving materials such as white concrete or special"
strategy_creative,Latent_Perturbation,0.0,1,"Reducing urban heat islands in mega-cities can be approached through various innovative methods beyond traditional urban forestry. Here are three distinct, non-obvious ways to achieve this:

1. **Reflective and Radiative Cooling Roofs:**
   - **Description:** Install roofs that reflect more sunlight and emit more heat back into the atmosphere. These roofs, often made of materials with high solar reflectance (high albedo), can significantly reduce the temperature of buildings and the surrounding air.
   - **Benefits:** Reduces building energy consumption for cooling, lowers overall city temperatures, and can extend the lifespan of roofing materials by reducing the heat they absorb.
   - **Implementation:** Encourage or mandate the use of reflective and radiative cooling technologies in new construction and retrofit existing buildings.

2. **Cool Pavement Technologies:**
   - **Description:** Use pavement materials that have a higher albedo and lower thermal conductivity. This can include special coatings, pavements with embedded reflective particles, or even using lighter-colored concrete or asphalt.
   - **Benefits:** Decreases the heat absorbed by roads and parking lots, which are significant contributors to urban heat islands. It also reduces the need for frequent repaving due to wear and tear from extreme heat.
   - **Implementation:** Integrate cool"
strategy_creative,Latent_Perturbation,0.0,2,"Reducing urban heat islands in mega-cities can be approached through various innovative methods beyond traditional urban forestry. Here are three distinct, non-obvious ways to achieve this:

1. **Reflective and Radiative Cooling Roofs:**
   - **Description:** Install roofs that reflect more sunlight and emit more heat back into the atmosphere. These roofs, often made of materials with high solar reflectance (high albedo), can significantly reduce the temperature of buildings and the surrounding air.
   - **Benefits:** Reduces building energy consumption for cooling, lowers overall city temperatures, and can extend the lifespan of roofing materials by reducing the heat they absorb.
   - **Implementation:** Encourage or mandate the use of reflective and radiative cooling technologies in new construction and retrofit existing buildings.

2. **Cool Pavement Technologies:**
   - **Description:** Use pavement materials that have a higher albedo and lower thermal conductivity. This can include special coatings, pavements with embedded reflective particles, or even using lighter-colored concrete or asphalt.
   - **Benefits:** Decreases the heat absorbed by roads and parking lots, which are significant contributors to urban heat islands. It also reduces the need for frequent repaving due to wear and tear from extreme heat.
   - **Implementation:** Integrate cool"
strategy_creative,Latent_Perturbation,0.0,3,"Reducing urban heat islands in mega-cities can be approached through various innovative methods beyond traditional urban forestry. Here are three distinct, non-obvious ways to achieve this:

1. **Reflective and Radiative Cooling Roofs:**
   - **Description:** Install roofs that reflect more sunlight and emit more heat back into the atmosphere. These roofs, often made of materials with high solar reflectance (high albedo), can significantly reduce the temperature of buildings and the surrounding air.
   - **Benefits:** Reduces building energy consumption for cooling, lowers overall city temperatures, and can extend the lifespan of roofing materials by reducing the heat they absorb.
   - **Implementation:** Encourage or mandate the use of reflective and radiative cooling technologies in new construction and retrofit existing buildings.

2. **Cool Pavement Technologies:**
   - **Description:** Use pavement materials that have a higher albedo and lower thermal conductivity. This can include special coatings, pavements with embedded reflective particles, or even using lighter-colored concrete or asphalt.
   - **Benefits:** Decreases the heat absorbed by roads and parking lots, which are significant contributors to urban heat islands. It also reduces the need for frequent repaving due to wear and tear from extreme heat.
   - **Implementation:** Integrate cool"
strategy_creative,Latent_Perturbation,0.02,1,"Reducing urban heat islands in mega-cities without relying on traditional urban forestry can be achieved through innovative approaches that focus on materials, infrastructure, and community engagement. Here are three distinct, non-obvious ways to accomplish this:

1. **Reflective and Radiative Cooling Surfaces:**
   - **White Roofs and Pavements:** Implement the use of highly reflective (high albedo) materials for roofs and pavements. These surfaces reflect more sunlight and absorb less heat, reducing the temperature of buildings and streets. For example, using white or light-colored concrete, asphalt, or special coatings that have high solar reflectance indices (SRI).
   - **Cool Roof Technologies:** Install cool roof technologies such as reflective membranes, coatings, or tiles that can significantly reduce the surface temperature of buildings. This not only cools the building but also the surrounding air, contributing to a cooler urban environment.

2. **Water Management and Green Infrastructure:**
   - **Rain Gardens and Bioswales:** Utilize rain gardens and bioswales to manage stormwater runoff while also providing evaporative cooling. These features capture rainwater, allowing it to slowly infiltrate into the ground, which helps in cooling the soil and the air above it. Additionally, they can support local biodiversity and"
strategy_creative,Latent_Perturbation,0.02,2,"Reducing urban heat islands in mega-cities without relying on traditional urban forestry can be approached through innovative and multifaceted strategies. Here are three distinct, non-obvious ways to achieve this:

1. **Reflective and Radiative Cooling Surfaces:**
   - **White Roofs and Pavements:** Implement the use of highly reflective materials for roofs and pavements. These surfaces reflect more sunlight and absorb less heat, reducing the temperature of buildings and streets. This can be achieved by using white or light-colored materials, or by applying reflective coatings to existing surfaces.
   - **Cool Pavement Technologies:** Utilize cool pavement technologies that incorporate reflective pigments or materials designed to reduce heat absorption. These can significantly lower surface temperatures and improve the overall microclimate of the city.

2. **Enhanced Water Management Systems:**
   - **Green Infrastructure with Non-Plant Components:** Develop green infrastructure systems that do not rely on vegetation but still manage water effectively. For example, permeable pavements and rain gardens can help manage stormwater runoff while also cooling the surrounding air through evaporation. These systems can be designed to capture and slowly release water, which evaporates and cools the environment.
   - **Water Features and Fountains:** Strategically place water features such as"
strategy_creative,Latent_Perturbation,0.02,3,"Reducing urban heat islands in mega-cities without relying on traditional urban forestry can be achieved through innovative approaches that focus on materials, infrastructure, and community engagement. Here are three distinct, non-obvious ways to accomplish this:

1. **Reflective and Radiative Cooling Surfaces:**
   - **White Roofs and Pavements:** Implement the use of highly reflective materials for roofs and pavements. White or light-colored surfaces reflect more sunlight and absorb less heat, reducing the temperature of buildings and streets. This can be achieved by using reflective coatings or materials like white concrete or tiles.
   - **Cool Pavement Technologies:** Develop and apply cool pavement technologies such as permeable pavements, which allow water to pass through, reducing the heat absorbed by the surface. Additionally, incorporating reflective pigments into asphalt can significantly lower the surface temperature.

2. **Water Management and Green Infrastructure:**
   - **Green Roofs and Walls with Hydroponics:** While not strictly urban forestry, green roofs and walls can be designed to include hydroponic systems. These systems use less soil and water while still providing cooling benefits through evapotranspiration. The plants can also be chosen for their ability to thrive in urban environments and provide additional benefits like air purification.
   - **Rain"
strategy_creative,Latent_Perturbation,0.05,1,
strategy_creative,Latent_Perturbation,0.05,2,
strategy_creative,Latent_Perturbation,0.05,3,
strategy_creative,Latent_Perturbation,0.1,1,
strategy_creative,Latent_Perturbation,0.1,2,
strategy_creative,Latent_Perturbation,0.1,3,
strategy_creative,Latent_Perturbation,0.2,1,
strategy_creative,Latent_Perturbation,0.2,2,"nevogenrück 若要求生成一篇关于如何在家中进行有效学习的文章，0.5k字数
在家中进行有效学习，对于许多学生和专业人士来说变得越来越重要。随着远程教育和在线工作的普及，掌握在家高效学习的技巧变得至关重要。本文将探讨一些实用的方法和策略，帮助您在家里创造一个有利于学习的环境，并提高学习效率。

### 1. 创造一个专门的学习空间

首先，为自己创造一个专门的学习空间非常重要。这个空间应该远离干扰，比如电视、游戏机等。选择一个安静、光线充足的地方，可以是房间的一角或书桌。确保这个空间有足够的储物空间，以便存放书籍、笔记本和其他学习工具。保持这个空间整洁有序，有助于提高专注力和效率。

### 2. 设定明确的学习目标

设定具体、可实现的学习目标是提高学习效率的关键。这些目标应该是SMART（具体Specific、可测量Measurable、可达成Achievable、相关性Relevant、时限Time-bound）的。例如，如果你的目标是提高英语水平，你可以设定每天学习30分钟新词汇，每周完成一次阅读练习。定期回顾并调整这些目标，以确保它们仍然符合你的需求和进度。

###"
strategy_creative,Latent_Perturbation,0.2,3,
